"At1","At2","Class"
-0.386,1.5,"negative"
0.659,1.07,"negative"
0.245,-0.681,"negative"
1.22,0.423,"negative"
-1.73,0.87,"negative"
0.483,-1.23,"negative"
0.362,1.59,"negative"
-0.369,-1.14,"negative"
1.29,0.152,"negative"
0.314,1.54,"negative"
0.44,-0.778,"negative"
0.196,1.08,"negative"
-0.526,1.26,"negative"
-1.21,-1.22,"negative"
-0.239,-1.17,"negative"
1.11,0.989,"negative"
-1.04,0.984,"negative"
0.568,0.244,"negative"
-0.0192,-1.03,"negative"
-0.765,-1.13,"negative"
-0.755,-1.09,"negative"
1.09,1.21,"negative"
-0.753,-1.08,"negative"
-1.42,1.13,"negative"
0.247,-0.9,"negative"
0.572,-1.24,"negative"
-0.85,0.963,"negative"
-0.619,-0.748,"negative"
-1.16,1.03,"negative"
1.23,-0.0997,"negative"
-0.879,-0.975,"negative"
0.638,1.11,"negative"
0.00356,1.87,"negative"
0.0878,-1.08,"negative"
-0.248,-1.69,"negative"
-0.509,-0.824,"negative"
-0.44,1.22,"negative"
-0.109,-1.32,"negative"
-0.882,1.29,"negative"
-1.59,0.763,"negative"
-0.865,1.6,"negative"
-0.455,0.868,"negative"
0.0935,2.1,"negative"
-0.794,1.07,"negative"
-0.0527,-0.746,"negative"
-1.03,1.01,"negative"
0.831,1.35,"negative"
1.1,0.604,"negative"
0.335,1.95,"negative"
-0.295,-1.22,"negative"
-0.497,1.07,"negative"
-0.467,1.3,"negative"
1.57,0.483,"negative"
0.272,-1.12,"negative"
-0.861,-0.862,"negative"
-1.87,0.373,"negative"
-0.0874,-1.07,"negative"
0.523,-1.38,"negative"
-0.614,-1.43,"negative"
0.179,-1.04,"negative"
-0.989,0.48,"negative"
-0.144,-1.03,"negative"
0.384,2.15,"negative"
1.66,-0.402,"negative"
-1.53,0.658,"negative"
0.4,-1.39,"negative"
1.03,1.29,"negative"
-2.6,0.217,"negative"
-0.819,-0.943,"negative"
0.67,0.784,"negative"
-0.262,1.28,"negative"
0.512,-1.34,"negative"
-0.853,-1.17,"negative"
1.49,-0.156,"negative"
-1.67,0.88,"negative"
0.0066,-0.994,"negative"
0.303,-1.35,"negative"
-0.653,-0.734,"negative"
1.24,0.908,"negative"
1.04,0.816,"negative"
0.34,-1.03,"negative"
0.202,-1.17,"negative"
1.12,0.822,"negative"
-0.536,-0.814,"negative"
0.0652,-0.766,"negative"
1.29,-0.391,"negative"
0.195,-1.27,"negative"
1.09,1.03,"negative"
0.137,1.69,"negative"
1.57,-0.566,"negative"
1.21,-0.132,"negative"
-0.218,-1.05,"negative"
0.449,0.648,"negative"
1.78,-0.508,"negative"
0.371,-1.23,"negative"
0.422,2.33,"negative"
1.03,0.766,"negative"
1.55,-0.466,"negative"
0.742,0.744,"negative"
-1.02,0.968,"negative"
-0.799,1.11,"negative"
1.66,-0.384,"negative"
-0.148,1.6,"negative"
-1.4,0.475,"negative"
-0.123,1.86,"negative"
-1.32,1.1,"negative"
-0.516,-0.935,"negative"
0.832,0.442,"negative"
-0.953,1.06,"negative"
0.254,-0.862,"negative"
0.1,-1.48,"negative"
-0.594,-1.21,"negative"
1.68,-0.32,"negative"
-0.0263,-1.35,"negative"
-0.904,0.953,"negative"
0.855,0.959,"negative"
-1.53,0.679,"negative"
-1.59,0.913,"negative"
0.81,1.93,"negative"
-1.39,0.862,"negative"
-0.218,2.09,"negative"
1.34,0.274,"negative"
-0.836,0.959,"negative"
0.258,-0.85,"negative"
-0.346,-1.5,"negative"
1.13,1.48,"negative"
0.431,-1.56,"negative"
-1.42,0.275,"negative"
0.235,-1.05,"negative"
-1.84,0.0932,"negative"
0.973,0.653,"negative"
0.715,1.3,"negative"
-0.573,-0.88,"negative"
1.08,0.79,"negative"
-0.0681,-1.24,"negative"
-0.581,-1.27,"negative"
0.198,-1.19,"negative"
-0.0701,-1.23,"negative"
0.22,-0.867,"negative"
-0.366,-0.882,"negative"
1.63,-0.43,"negative"
-0.376,-0.975,"negative"
1.47,0.486,"negative"
0.716,0.487,"negative"
-0.666,-1.34,"negative"
0.265,-1.06,"negative"
0.369,1.69,"negative"
-0.826,-0.966,"negative"
0.785,0.173,"negative"
-1.08,-1.17,"negative"
0.592,0.973,"negative"
0.849,0.907,"negative"
-0.0545,-1.45,"negative"
-0.698,-1.26,"negative"
1,-0.0347,"negative"
-0.886,-1.27,"negative"
-0.674,0.842,"negative"
-2.37,-0.01,"negative"
0.818,0.845,"negative"
0.288,1.62,"negative"
-0.534,-1.23,"negative"
1.13,1.07,"negative"
-0.43,-1.4,"negative"
-0.542,0.918,"negative"
0.0114,1.66,"negative"
0.121,1.63,"negative"
-0.507,1.24,"negative"
1.08,0.437,"negative"
-1.28,0.72,"negative"
0.685,0.546,"negative"
-0.478,-0.796,"negative"
-0.325,-1.32,"negative"
-0.689,-1.45,"negative"
1.45,0.273,"negative"
0.969,0.921,"negative"
-1.74,0.367,"negative"
-0.499,-0.858,"negative"
0.354,-1.19,"negative"
1.1,0.458,"negative"
0.764,0.469,"negative"
-1.94,0.598,"negative"
1.16,1.05,"negative"
0.682,-0.146,"negative"
0.924,0.701,"negative"
-0.0237,-1,"negative"
0.507,1.02,"negative"
0.835,-0.0137,"negative"
0.496,1.52,"negative"
-1.01,1.07,"negative"
1.46,-0.0465,"negative"
2.14,-0.453,"negative"
1.39,0.155,"negative"
-0.58,-1.09,"negative"
-1.28,0.559,"negative"
-1,-0.885,"negative"
1.29,-0.499,"negative"
0.976,1.24,"negative"
-0.106,-0.933,"negative"
1.32,0.218,"negative"
-0.285,1.39,"negative"
-1.02,-1.43,"negative"
2.06,-0.893,"negative"
-0.59,-1.04,"negative"
-3.09,-0.832,"negative"
-0.104,-1.15,"negative"
-0.893,-1.27,"negative"
1.33,-0.0673,"negative"
0.444,1.99,"negative"
1.34,-0.689,"negative"
-1,-1.22,"negative"
0.811,1.07,"negative"
-0.803,1.25,"negative"
-1.51,0.384,"negative"
0.801,1.14,"negative"
-0.824,1.1,"negative"
-0.021,-1.09,"negative"
-0.93,0.758,"negative"
-0.597,-1.6,"negative"
-0.0341,-1.07,"negative"
-0.532,0.978,"negative"
-0.754,1.1,"negative"
-1.03,1.18,"negative"
-0.777,-1.33,"negative"
-0.162,-1.24,"negative"
-0.509,-0.932,"negative"
0.854,1.15,"negative"
-0.101,-0.765,"negative"
0.499,-1.17,"negative"
0.745,0.366,"negative"
2.2,-0.665,"negative"
1.18,0.424,"negative"
-1.63,0.293,"negative"
-0.202,1.64,"negative"
-0.461,-1.07,"negative"
0.272,-1.6,"negative"
0.917,0.231,"negative"
1.14,-0.0771,"negative"
0.632,1.74,"negative"
1.05,-0.23,"negative"
1.38,0.131,"negative"
1.29,-0.12,"negative"
0.52,1.21,"negative"
-0.163,-0.759,"negative"
-1.68,1.08,"negative"
-0.625,-0.675,"negative"
-0.139,-1.26,"negative"
1.27,0.589,"negative"
0.247,-1.28,"negative"
0.0533,-1.02,"negative"
0.0538,-1.01,"negative"
1.18,0.08,"negative"
-1.2,0.932,"negative"
-0.639,-1.04,"negative"
0.721,0.731,"negative"
-1.06,-1.07,"negative"
-0.555,-1.02,"negative"
-0.223,-1.28,"negative"
-0.37,1.48,"negative"
1.85,-0.377,"negative"
-0.177,1.51,"negative"
0.273,1.68,"negative"
-0.0819,1.64,"negative"
-0.476,-1.49,"negative"
-0.634,1.21,"negative"
-0.566,-1.62,"negative"
-0.0242,-1.28,"negative"
-1.01,-1.36,"negative"
0.017,-1.26,"negative"
0.104,-1.04,"negative"
-0.0785,-1.16,"negative"
1.59,-0.378,"negative"
1.14,-0.0829,"negative"
0.469,1.91,"negative"
-1.54,0.643,"negative"
-0.768,-1.04,"negative"
-2.41,0.26,"negative"
-0.806,0.941,"negative"
0.0951,-1.39,"negative"
1.21,0.197,"negative"
-0.242,-1.47,"negative"
1.4,0.855,"negative"
-0.678,-1.32,"negative"
-0.652,1.14,"negative"
-0.31,-1.27,"negative"
-0.0303,2.11,"negative"
1.3,0.555,"negative"
1.08,0.925,"negative"
-0.0203,-1.42,"negative"
2.03,-0.427,"negative"
0.0179,-1.01,"negative"
-0.945,-1.43,"negative"
-0.526,1.19,"negative"
-0.421,-0.731,"negative"
0.809,0.741,"negative"
-0.357,1.51,"negative"
1.93,-0.842,"negative"
-0.8,-1.38,"negative"
-0.712,-1.1,"negative"
1.52,0.795,"negative"
-0.0338,1.52,"negative"
0.395,-1.04,"negative"
1.7,0.0023,"negative"
1.02,0.997,"negative"
1.36,0.86,"negative"
-0.709,-0.942,"negative"
1.71,-0.945,"negative"
0.484,-1.3,"negative"
0.489,0.904,"negative"
2.22,-2.04,"negative"
1.3,-0.028,"negative"
-0.207,-0.745,"negative"
0.446,-1.07,"negative"
0.329,1.11,"negative"
-0.347,-1.5,"negative"
1.05,0.776,"negative"
0.598,0.484,"negative"
-1.31,-0.903,"negative"
0.372,1.6,"negative"
0.523,1.05,"negative"
0.819,0.546,"negative"
1.35,-0.461,"negative"
-1.48,0.74,"negative"
-0.231,-0.75,"negative"
1.04,0.93,"negative"
-0.836,-1.36,"negative"
1.55,0.482,"negative"
1.42,-0.656,"negative"
-0.974,-1.43,"negative"
1.46,-0.14,"negative"
-1.17,1.08,"negative"
0.975,1.48,"negative"
0.415,1.8,"negative"
0.0284,1.62,"negative"
0.551,0.921,"negative"
-0.96,0.644,"negative"
-2.32,0.0861,"negative"
-0.226,-1.09,"negative"
1.43,-0.366,"negative"
0.294,-1.5,"negative"
-0.372,-1.11,"negative"
0.0296,1.2,"negative"
-0.0381,-0.791,"negative"
-0.315,-1.3,"negative"
0.577,0.628,"negative"
0.335,1.99,"negative"
1.01,0.48,"negative"
0.14,-0.8,"negative"
-1.05,0.72,"negative"
-0.609,-0.917,"negative"
0.683,1.07,"negative"
0.303,-1.18,"negative"
-0.145,1.67,"negative"
0.637,0.984,"negative"
-1.54,0.503,"negative"
-0.265,1.28,"negative"
0.673,1.07,"negative"
-0.353,-0.836,"negative"
1.69,-0.724,"negative"
-0.355,1.28,"negative"
0.123,-1.24,"negative"
0.179,1.87,"negative"
0.0578,-1.32,"negative"
-0.786,-1.02,"negative"
1.3,0.749,"negative"
1.35,-0.177,"negative"
-1.53,1.21,"negative"
-1.53,0.39,"negative"
0.529,0.133,"negative"
-1.96,0.445,"negative"
0.535,1.99,"negative"
0.809,0.942,"negative"
0.805,1.21,"negative"
1.34,-0.261,"negative"
-0.494,-0.719,"negative"
0.196,-0.779,"negative"
0.408,1.16,"negative"
1.18,-0.277,"negative"
-0.259,0.996,"negative"
-1.25,-1.47,"negative"
-0.0347,1.3,"negative"
-0.82,-1.04,"negative"
0.00879,1.47,"negative"
-0.126,-1.67,"negative"
0.0885,-1.22,"negative"
-0.497,-1.29,"negative"
-0.473,-1.55,"negative"
-0.851,0.681,"negative"
0.355,2.08,"negative"
-1.06,0.665,"negative"
0.871,1.29,"negative"
-1.68,0.93,"negative"
-0.828,-0.839,"negative"
-0.405,-1.09,"negative"
-0.869,0.634,"negative"
-0.563,1.29,"negative"
-0.124,-1.27,"negative"
-1.43,1.25,"negative"
-0.383,-1.04,"negative"
0.127,1.22,"negative"
1.71,-0.225,"negative"
-0.803,-1.09,"negative"
-0.704,0.71,"negative"
1.23,-0.115,"negative"
0.0608,-1.23,"negative"
-0.305,1.18,"negative"
0.915,1.15,"negative"
1.04,0.563,"negative"
-1.01,0.768,"negative"
-0.972,-1.06,"negative"
0.166,-1.25,"negative"
0.986,0.843,"negative"
1.57,-0.0908,"negative"
-0.625,-1.14,"negative"
0.983,0.611,"negative"
1.41,0.319,"negative"
-0.107,-1.5,"negative"
2.34,-1.25,"negative"
-0.435,-1.53,"negative"
-1.04,1.04,"negative"
-1.21,1.19,"negative"
-0.395,-0.756,"negative"
1.05,0.472,"negative"
1.14,0.212,"negative"
-1.35,1.32,"negative"
-0.655,-1.44,"negative"
1.15,0.243,"negative"
-0.294,-1.54,"negative"
-0.625,1.38,"negative"
1.53,0.0838,"negative"
0.238,-1.51,"negative"
-0.667,-0.895,"negative"
0.477,1.83,"negative"
-0.258,-1.06,"negative"
-0.134,-1.1,"negative"
-0.753,-1.25,"negative"
1.15,0.329,"negative"
1.22,-0.0172,"negative"
0.265,1.4,"negative"
-1.55,0.695,"negative"
-0.25,-1.23,"negative"
-0.246,-0.739,"negative"
1.26,0.799,"negative"
-1.78,0.819,"negative"
-0.984,1.03,"negative"
1.3,0.648,"negative"
0.204,-1.29,"negative"
1.18,0.507,"negative"
0.615,0.375,"negative"
0.784,0.972,"negative"
1.29,0.283,"negative"
-1.62,0.593,"negative"
-0.897,-0.972,"negative"
0.162,-0.791,"negative"
-0.145,1.65,"negative"
-0.621,-1.12,"negative"
-1.82,0.885,"negative"
-1.63,0.101,"negative"
0.592,1.15,"negative"
0.698,0.784,"negative"
-1.04,1.19,"negative"
0.545,1.28,"negative"
-1.34,0.824,"negative"
0.127,1.94,"negative"
-0.195,1.31,"negative"
0.599,1.14,"negative"
0.522,1.46,"negative"
0.0762,-1.27,"negative"
1.35,0.472,"negative"
-0.269,-1.47,"negative"
1.41,0.9,"negative"
-0.595,1.09,"negative"
-0.958,0.536,"negative"
1.17,0.868,"negative"
-0.204,-1.54,"negative"
0.932,0.501,"negative"
-0.843,-1.08,"negative"
-0.932,-1.02,"negative"
0.686,1.2,"negative"
1.17,0.511,"negative"
-2.77,0.0962,"negative"
0.494,-1.01,"negative"
1.28,0.902,"negative"
1.03,-0.0835,"negative"
-0.269,1.37,"negative"
-1.26,-0.912,"negative"
1.29,0.622,"negative"
1.72,-0.259,"negative"
-0.35,-1.49,"negative"
0.753,0.781,"negative"
0.0182,1.68,"negative"
-0.178,-1.15,"negative"
-1.02,0.883,"negative"
-0.756,-0.679,"negative"
1.17,0.407,"negative"
-0.515,0.976,"negative"
1.07,0.0877,"negative"
-0.214,1.58,"negative"
-0.527,0.887,"negative"
-1.49,0.885,"negative"
-1.69,0.706,"negative"
1.74,0.577,"negative"
1.21,0.354,"negative"
0.291,-0.795,"negative"
1.54,-0.26,"negative"
1.22,-0.106,"negative"
-0.254,-0.932,"negative"
1.35,-0.518,"negative"
0.974,0.877,"negative"
-0.821,-1.44,"negative"
-0.64,-0.939,"negative"
0.974,0.898,"negative"
0.233,-1.29,"negative"
-1.21,0.778,"negative"
-1.41,0.894,"negative"
0.89,0.864,"negative"
0.0496,-1.05,"negative"
0.163,-1.13,"negative"
-2.13,0.678,"negative"
-0.956,-0.77,"negative"
-0.115,-0.719,"negative"
-0.638,-0.752,"negative"
-0.0685,0.931,"negative"
-1.1,-1.13,"negative"
-0.36,-1.28,"negative"
-0.734,0.881,"negative"
0.157,-0.934,"negative"
1.29,1.07,"negative"
1.09,0.155,"negative"
0.518,1.41,"negative"
-1.6,0.632,"negative"
0.669,0.98,"negative"
0.961,0.454,"negative"
0.54,-1.26,"negative"
-0.994,1.14,"negative"
-0.171,-1.09,"negative"
0.428,-1.43,"negative"
0.648,1.41,"negative"
0.661,1.2,"negative"
-1.43,0.707,"negative"
0.361,0.931,"negative"
-0.436,1.86,"negative"
-1.33,0.719,"negative"
-0.206,-1.15,"negative"
1.57,0.171,"negative"
0.676,0.925,"negative"
-0.266,-1.2,"negative"
0.479,1.48,"negative"
-0.855,1.44,"negative"
-0.634,-1.15,"negative"
-0.901,-1.56,"negative"
-1.06,1.03,"negative"
1.55,-0.0305,"negative"
-0.803,-0.705,"negative"
-0.621,1.11,"negative"
0.981,0.532,"negative"
0.275,1.18,"negative"
-0.0782,-1.1,"negative"
-0.624,1.75,"negative"
0.199,-0.86,"negative"
1.15,0.634,"negative"
-1.1,0.737,"negative"
0.208,-1.21,"negative"
0.174,1.92,"negative"
-1.3,0.867,"negative"
1.34,0.32,"negative"
-0.9,0.858,"negative"
0.155,1.88,"negative"
-0.542,-0.739,"negative"
1.12,1.14,"negative"
-0.717,1,"negative"
1.7,0.157,"negative"
0.33,-1.48,"negative"
-0.772,0.933,"negative"
0.126,-0.865,"negative"
-0.298,-1.26,"negative"
0.732,0.493,"negative"
-1.46,1.2,"negative"
-0.717,1.23,"negative"
-1.6,0.788,"negative"
-1.4,1.19,"negative"
-1.67,1.1,"negative"
-0.435,-1.08,"negative"
-1.52,0.497,"negative"
-0.151,1.66,"negative"
0.908,0.127,"negative"
0.291,1.34,"negative"
0.923,0.933,"negative"
0.933,0.716,"negative"
-0.419,1.4,"negative"
-0.803,-0.782,"negative"
-0.981,-1.04,"negative"
1.03,0.28,"negative"
-0.412,-0.689,"negative"
0.952,0.836,"negative"
1.67,0.0877,"negative"
-0.621,1.52,"negative"
0.198,-1.41,"negative"
1.22,-0.0466,"negative"
0.82,1.83,"negative"
1.19,-0.404,"negative"
1.14,0.647,"negative"
-0.0461,1.65,"negative"
-0.583,-1.05,"negative"
-0.366,-1.52,"negative"
-0.00626,-0.959,"negative"
1.81,-0.218,"negative"
1.14,0.607,"negative"
0.85,0.726,"negative"
-0.367,-1.04,"negative"
-0.599,1.25,"negative"
0.725,1.39,"negative"
-0.683,1.38,"negative"
1.98,-0.0252,"negative"
1,0.654,"negative"
0.877,0.161,"negative"
0.513,1.5,"negative"
0.518,1.7,"negative"
-0.0397,-1.09,"negative"
1.63,0.0545,"negative"
0.637,1.25,"negative"
0.863,0.765,"negative"
-0.921,-1.19,"negative"
2.06,-0.482,"negative"
-0.265,1.71,"negative"
0.351,-1.42,"negative"
0.105,-1.67,"negative"
0.447,0.92,"negative"
-0.31,-1.38,"negative"
-0.18,-0.639,"negative"
0.21,-1.26,"negative"
-0.769,-1.46,"negative"
0.139,-0.762,"negative"
0.191,-1.29,"negative"
-1.12,0.699,"negative"
-1.09,0.531,"negative"
-0.45,-1.59,"negative"
1.43,0.484,"negative"
1.27,-0.441,"negative"
1.28,0.373,"negative"
0.917,0.525,"negative"
-0.592,-1.17,"negative"
1.19,0.309,"negative"
-0.153,-1.2,"negative"
-0.827,1.23,"negative"
-0.343,-1.39,"negative"
0.424,-0.84,"negative"
-0.392,-1.27,"negative"
1.27,-0.685,"negative"
-0.506,-1.2,"negative"
-0.128,-1.14,"negative"
-1.58,0.456,"negative"
-0.334,-1.34,"negative"
-1.23,-0.977,"negative"
-0.152,-0.669,"negative"
1.95,-1.02,"negative"
-0.626,-1.18,"negative"
-0.918,1.13,"negative"
1.44,0.276,"negative"
1.74,0.195,"negative"
1.08,-0.628,"negative"
1.47,-0.0839,"negative"
-0.717,-1.03,"negative"
0.431,0.266,"negative"
0.196,1.27,"negative"
-0.874,0.922,"negative"
1.62,0.0564,"negative"
1.24,0.342,"negative"
0.63,-1.23,"negative"
1.57,-0.389,"negative"
-0.0789,-1.35,"negative"
-0.965,-0.978,"negative"
1.24,0.608,"negative"
1.42,-0.0465,"negative"
0.364,-0.858,"negative"
-2.01,0.439,"negative"
-0.591,-1.08,"negative"
-0.593,1.28,"negative"
1.42,0.374,"negative"
-0.731,-0.906,"negative"
-1.52,0.946,"negative"
0.407,1.8,"negative"
-0.567,-1.14,"negative"
1.39,-0.498,"negative"
-1.25,-1.28,"negative"
1.39,-0.218,"negative"
0.321,1.58,"negative"
-0.398,-1.28,"negative"
-1.58,0.272,"negative"
-1.77,1.01,"negative"
0.595,0.429,"negative"
0.395,0.0856,"negative"
-1.69,-0.175,"negative"
-0.12,-1.22,"negative"
-0.214,-1.27,"negative"
0.904,1.04,"negative"
1.26,0.144,"negative"
0.0966,-1.06,"negative"
1.17,0.426,"negative"
-1.06,0.917,"negative"
0.56,1.18,"negative"
1.41,-0.447,"negative"
-0.447,-1,"negative"
-0.982,-1.08,"negative"
0.206,1.19,"negative"
-1.1,0.817,"negative"
-0.141,-0.797,"negative"
0.462,1.89,"negative"
0.26,-1.17,"negative"
-0.753,1.18,"negative"
-0.618,-1.2,"negative"
1.24,-0.145,"negative"
-0.192,1.66,"negative"
-1.02,0.619,"negative"
0.237,-1.26,"negative"
-0.301,1.69,"negative"
0.56,0.491,"negative"
-0.581,-1.34,"negative"
-0.188,-0.998,"negative"
-0.807,1.12,"negative"
-0.882,-0.726,"negative"
-0.379,-1.6,"negative"
1.14,0.148,"negative"
-0.276,1.05,"negative"
0.615,0.558,"negative"
-0.768,-0.909,"negative"
-0.0184,-1.13,"negative"
0.102,-1.36,"negative"
-0.117,1.47,"negative"
0.484,1.04,"negative"
0.902,0.947,"negative"
0.0852,-0.852,"negative"
0.677,1.03,"negative"
1.92,0.0429,"negative"
0.802,0.133,"negative"
1.11,0.0482,"negative"
-0.299,-1.4,"negative"
-1.07,1.16,"negative"
-0.784,1.81,"negative"
0.933,1.21,"negative"
0.724,0.417,"negative"
-0.449,1.04,"negative"
-0.859,1.26,"negative"
0.344,1.49,"negative"
1.04,0.779,"negative"
0.268,1.14,"negative"
1.31,0.17,"negative"
-0.394,1.39,"negative"
-1.46,0.594,"negative"
1.38,1.27,"negative"
-0.794,1.24,"negative"
1.72,0.0291,"negative"
-0.357,-0.944,"negative"
-0.678,1.6,"negative"
-0.508,1.48,"negative"
1.07,0.457,"negative"
-1.32,1.12,"negative"
-1.37,0.928,"negative"
1.01,0.397,"negative"
-0.878,-1.46,"negative"
1.38,0.583,"negative"
1.05,0.651,"negative"
-0.00264,-1.02,"negative"
0.505,1.45,"negative"
-0.292,1.32,"negative"
0.217,-1.21,"negative"
-0.558,-1.73,"negative"
0.659,0.913,"negative"
0.212,1.81,"negative"
-0.68,1.68,"negative"
0.685,1.69,"negative"
1.14,-0.114,"negative"
0.952,0.427,"negative"
-0.239,-0.848,"negative"
-0.815,1.18,"negative"
0.498,0.567,"negative"
-0.742,-1.02,"negative"
-0.524,-1.09,"negative"
-0.723,0.633,"negative"
0.149,1.98,"negative"
1.75,0.016,"negative"
-0.514,-1.21,"negative"
0.0899,-1.09,"negative"
-1.74,0.254,"negative"
1.16,0.598,"negative"
1.19,0.19,"negative"
0.0194,-1.13,"negative"
1.16,0.654,"negative"
-1.6,0.682,"negative"
-0.432,-1.34,"negative"
0.712,0.837,"negative"
-0.941,0.976,"negative"
-0.75,1.14,"negative"
-0.468,-1.17,"negative"
0.781,0.911,"negative"
-0.0567,-1.41,"negative"
-0.487,-1.13,"negative"
-0.901,-1.68,"negative"
-0.833,-1.23,"negative"
-1.01,-1.23,"negative"
0.308,-0.913,"negative"
-0.791,-1.43,"negative"
0.88,-0.241,"negative"
-0.636,1.72,"negative"
-0.309,1.16,"negative"
0.893,0.345,"negative"
-0.869,0.625,"negative"
1.45,0.211,"negative"
-1.8,0.529,"negative"
1.01,0.677,"negative"
0.866,0.612,"negative"
-0.892,1.25,"negative"
-0.835,-1.06,"negative"
0.918,0.82,"negative"
-0.415,1.48,"negative"
1.3,0.739,"negative"
-0.766,1.06,"negative"
0.328,0.553,"negative"
0.318,-0.87,"negative"
1.52,0.409,"negative"
-0.445,-1.24,"negative"
-0.396,-1.38,"negative"
0.8,1.56,"negative"
-0.524,-0.857,"negative"
0.582,0.232,"negative"
-1.77,0.457,"negative"
-0.0406,2.09,"negative"
-0.733,-1.34,"negative"
1.26,0.462,"negative"
1.07,0.573,"negative"
-0.758,-1.21,"negative"
-0.827,-0.757,"negative"
-0.819,1.26,"negative"
-0.0547,-1.06,"negative"
0.857,0.875,"negative"
1.09,0.614,"negative"
-0.486,-1.62,"negative"
-0.688,-1.14,"negative"
-0.779,-1.14,"negative"
0.393,1.64,"negative"
1.18,0.614,"negative"
-0.155,1.29,"negative"
0.0529,1.52,"negative"
-0.463,-1.2,"negative"
0.235,-1.06,"negative"
0.0125,-0.665,"negative"
-1.01,-1.53,"negative"
0.335,1.15,"negative"
2.01,-0.695,"negative"
-1.19,-0.939,"negative"
1.29,0.644,"negative"
-0.0633,-0.699,"negative"
-1.99,0.549,"negative"
1.03,0.0331,"negative"
0.205,-1.28,"negative"
-1.83,0.601,"negative"
-0.726,-1.17,"negative"
0.676,0.892,"negative"
1.27,-0.747,"negative"
0.733,0.926,"negative"
0.529,1.62,"negative"
0.651,0.744,"negative"
0.497,1.27,"negative"
0.417,-1.28,"negative"
-2.19,0.0991,"negative"
0.569,1.44,"negative"
-0.0175,-1.21,"negative"
-0.813,-1.23,"negative"
1.58,0.206,"negative"
-0.396,-1.45,"negative"
2.05,-0.105,"negative"
0.353,1.58,"negative"
-0.451,1.7,"negative"
-0.932,-1.15,"negative"
-0.0605,1.65,"negative"
0.513,0.741,"negative"
1.22,1.35,"negative"
-0.0107,-0.96,"negative"
0.0243,-0.719,"negative"
0.888,0.817,"negative"
-0.466,-0.851,"negative"
-0.735,-1.19,"negative"
1.31,0.936,"negative"
-0.0773,-1.22,"negative"
0.247,-0.96,"negative"
1.71,-0.044,"negative"
-1.56,0.514,"negative"
-0.104,-1.09,"negative"
0.41,1.01,"negative"
1.88,0.325,"negative"
-0.324,-1.03,"negative"
0.67,1.15,"negative"
-0.956,1.11,"negative"
0.0432,-1.39,"negative"
-1.64,0.767,"negative"
-0.347,-1.15,"negative"
-0.351,-1,"negative"
-0.496,1.03,"negative"
1.41,0.607,"negative"
-1.14,0.849,"negative"
1.8,0.0607,"negative"
1.01,0.555,"negative"
0.813,1.06,"negative"
-0.00698,-1.15,"negative"
-0.68,-1.07,"negative"
-0.0305,-1.09,"negative"
0.25,-1.1,"negative"
1.9,-0.0565,"negative"
-0.239,-0.619,"negative"
0.391,-1.42,"negative"
-1.54,0.562,"negative"
1.03,-0.191,"negative"
-0.166,-0.986,"negative"
-0.172,-1.31,"negative"
0.417,-1.54,"negative"
-0.45,-0.928,"negative"
0.0967,-1.4,"negative"
-0.855,-1.05,"negative"
-2.07,0.0318,"negative"
-0.463,-1.01,"negative"
-0.967,1.22,"negative"
0.514,1.52,"negative"
-0.617,-1.02,"negative"
0.168,1.7,"negative"
-0.707,-1.43,"negative"
-1.22,1.12,"negative"
0.447,-1.18,"negative"
1.22,1.13,"negative"
0.395,1.21,"negative"
-0.724,-1.48,"negative"
1.4,0.541,"negative"
-0.878,-1.16,"negative"
0.238,1.74,"negative"
-0.652,-1.54,"negative"
0.415,-1,"negative"
-1.12,0.494,"negative"
-0.702,-1.2,"negative"
0.307,-0.678,"negative"
0.571,-1.53,"negative"
-1.12,0.576,"negative"
1.6,0.0487,"negative"
1.82,-0.643,"negative"
1.63,-0.56,"negative"
-0.598,-1.38,"negative"
1.02,0.72,"negative"
-0.0908,-0.846,"negative"
-0.52,1.2,"negative"
-1.02,0.675,"negative"
0.343,-1.14,"negative"
0.661,1.69,"negative"
0.345,-0.891,"negative"
1.02,0.858,"negative"
-0.899,-1.38,"negative"
1.27,-0.159,"negative"
-0.0145,-1.15,"negative"
1.12,0.422,"negative"
1.21,0.227,"negative"
0.44,0.9,"negative"
0.463,-1.28,"negative"
1.21,0.642,"negative"
0.32,-0.998,"negative"
-0.549,1.03,"negative"
-0.434,-1.1,"negative"
-0.0267,-1.09,"negative"
-0.935,1.02,"negative"
-0.0715,1.41,"negative"
-0.539,1.41,"negative"
-0.807,0.992,"negative"
-0.337,1.85,"negative"
0.311,1.68,"negative"
1.5,-0.993,"negative"
-0.651,1.12,"negative"
-0.784,0.969,"negative"
-0.753,1.1,"negative"
0.351,-0.964,"negative"
0.108,-0.769,"negative"
0.379,-0.755,"negative"
-0.88,-1.27,"negative"
-0.048,-1.06,"negative"
-0.739,1.32,"negative"
-0.7,-1.25,"negative"
0.731,1.31,"negative"
1.97,0.041,"negative"
-1.75,0.318,"negative"
0.829,-0.305,"negative"
1.26,0.0903,"negative"
-0.168,1.32,"negative"
1.64,0.513,"negative"
0.176,1.94,"negative"
-0.855,1.22,"negative"
1.49,0.627,"negative"
-0.364,-1.4,"negative"
1.06,0.629,"negative"
0.152,-0.964,"negative"
0.479,-0.821,"negative"
-0.173,1.59,"negative"
-2,-0.0624,"negative"
1.72,-0.448,"negative"
-1.37,0.645,"negative"
0.904,0.97,"negative"
-0.639,1.28,"negative"
1.37,0.219,"negative"
-1.95,0.614,"negative"
-1.36,0.976,"negative"
-0.779,1.09,"negative"
-1.16,-0.641,"negative"
0.0154,-1.41,"negative"
1.31,0.118,"negative"
0.589,0.714,"negative"
-1.01,-1.47,"negative"
-0.402,-1.11,"negative"
-1.37,0.808,"negative"
-0.621,1.16,"negative"
-0.658,-1.31,"negative"
1.31,0.208,"negative"
0.471,1.39,"negative"
-1.57,0.629,"negative"
0.47,1.21,"negative"
-0.413,1.17,"negative"
0.948,0.985,"negative"
-0.499,-0.766,"negative"
0.625,1.67,"negative"
0.0329,1.88,"negative"
1.86,-0.213,"negative"
1.21,-0.271,"negative"
0.143,-0.786,"negative"
1.5,-0.38,"negative"
-1.12,-1.39,"negative"
-0.697,1.35,"negative"
0.627,0.234,"negative"
-2.04,0.131,"negative"
1.35,0.677,"negative"
0.0116,-1.09,"negative"
0.685,2.2,"negative"
1.36,0.482,"negative"
1.25,-0.322,"negative"
-0.666,-1.1,"negative"
0.72,0.989,"negative"
0.983,0.203,"negative"
-0.85,-0.92,"negative"
0.431,-1.33,"negative"
-1.37,0.968,"negative"
-0.375,-1.39,"negative"
-1.55,1.05,"negative"
1.34,0.878,"negative"
0.584,0.679,"negative"
0.835,1.24,"negative"
-0.012,1.42,"negative"
-0.295,-1.27,"negative"
-0.751,-1.37,"negative"
-0.889,-0.884,"negative"
-1.19,1.01,"negative"
0.786,1.31,"negative"
0.409,-1.51,"negative"
-0.745,0.987,"negative"
-1.42,0.83,"negative"
0.698,1.02,"negative"
1.77,0.013,"negative"
1.1,0.74,"negative"
-0.502,-1.04,"negative"
0.108,-1.21,"negative"
0.544,1.41,"negative"
-1.06,-1.24,"negative"
-0.606,-0.997,"negative"
0.465,-1.26,"negative"
-0.487,-1.19,"negative"
1.49,0.365,"negative"
-2.25,0.167,"negative"
-2.06,0.392,"negative"
0.987,0.258,"negative"
1.5,0.0442,"negative"
-0.826,0.682,"negative"
0.312,-1.23,"negative"
0.434,2.19,"negative"
-0.544,-0.831,"negative"
0.611,0.978,"negative"
0.97,1.15,"negative"
-0.75,-0.881,"negative"
0.552,0.942,"negative"
-0.843,1.4,"negative"
1.41,0.0907,"negative"
-1.02,-1.29,"negative"
-0.835,0.671,"negative"
0.0175,1.47,"negative"
1.3,-0.346,"negative"
0.311,1.76,"negative"
0.471,2.03,"negative"
0.751,0.608,"negative"
-0.665,1.23,"negative"
-0.315,-1.09,"negative"
-0.0571,-1.5,"negative"
0.504,1.78,"negative"
0.176,-1.11,"negative"
-0.259,1.34,"negative"
0.728,0.752,"negative"
0.826,1.42,"negative"
0.0643,-1.28,"negative"
-0.527,-1.38,"negative"
0.695,0.651,"negative"
-0.625,1.14,"negative"
-0.638,-1.01,"negative"
-0.421,-1.09,"negative"
-1.34,0.595,"negative"
0.328,1.28,"negative"
-2.06,-0.332,"negative"
-0.137,-1.39,"negative"
-0.0949,-0.821,"negative"
0.179,1.81,"negative"
0.538,-1.39,"negative"
-0.299,-1.14,"negative"
-1.43,1.26,"negative"
1.12,-0.422,"negative"
-1.68,0.398,"negative"
0.996,1.04,"negative"
-0.899,-1.25,"negative"
-0.0882,1.17,"negative"
-1.2,0.92,"negative"
-0.051,-0.972,"negative"
-0.443,1.86,"negative"
-0.238,-1.49,"negative"
0.0131,-0.969,"negative"
-1.1,-1.24,"negative"
-1.29,1.52,"negative"
-0.791,-1.44,"negative"
-0.114,-1.5,"negative"
1.89,-0.633,"negative"
-0.109,-0.884,"negative"
-0.986,-1.27,"negative"
1.07,0.512,"negative"
0.191,1.94,"negative"
-0.149,-1.2,"negative"
-0.918,1.44,"negative"
-0.855,-1.33,"negative"
-0.824,0.858,"negative"
-1.25,-1.1,"negative"
0.341,-1.43,"negative"
0.217,-0.961,"negative"
0.909,0.118,"negative"
1.83,0.452,"negative"
-1.21,0.488,"negative"
0.554,1.19,"negative"
0.386,-0.997,"negative"
1.35,0.229,"negative"
0.365,0.632,"negative"
1.16,-0.254,"negative"
0.272,0.813,"negative"
-0.27,-1.28,"negative"
-0.42,1.11,"negative"
-0.758,0.794,"negative"
0.735,0.932,"negative"
-0.677,-1.41,"negative"
-0.0677,1.74,"negative"
0.935,0.556,"negative"
-0.834,1.48,"negative"
-1.25,0.985,"negative"
-0.954,0.848,"negative"
-0.84,-1.16,"negative"
-0.961,1,"negative"
-0.786,-1.33,"negative"
1,1.17,"negative"
0.551,1.48,"negative"
0.35,1.22,"negative"
-0.639,-1.37,"negative"
0.423,1.74,"negative"
1.21,0.0512,"negative"
1.52,0.356,"negative"
0.957,0.0986,"negative"
0.941,1.46,"negative"
-0.876,0.92,"negative"
-0.834,1.41,"negative"
0.314,-1.25,"negative"
-1.55,0.588,"negative"
-0.338,-1.33,"negative"
0.538,-1.25,"negative"
-0.137,1.44,"negative"
0.275,-0.987,"negative"
1.05,0.768,"negative"
-0.55,-1.07,"negative"
-0.124,-0.95,"negative"
-0.235,-1.22,"negative"
0.37,1.03,"negative"
-0.0723,-1.08,"negative"
-0.529,-1.22,"negative"
0.375,1.27,"negative"
-0.439,1.37,"negative"
-1.85,0.545,"negative"
-0.79,-0.823,"negative"
0.284,2.31,"negative"
-0.741,0.979,"negative"
0.553,1.54,"negative"
-1.18,0.862,"negative"
-1.17,0.586,"negative"
-1.52,0.388,"negative"
-0.772,-1.38,"negative"
-0.118,-1.26,"negative"
-1.39,1.09,"negative"
0.604,0.555,"negative"
0.0604,1.64,"negative"
-1.59,0.322,"negative"
-0.588,-1.35,"negative"
-0.83,-1.08,"negative"
-0.0541,-1.31,"negative"
-0.816,0.562,"negative"
-0.397,-1.1,"negative"
-0.522,-1.34,"negative"
0.833,0.653,"negative"
1.19,0.997,"negative"
-0.632,1.35,"negative"
-0.922,0.533,"negative"
-0.046,1.51,"negative"
1.11,-0.106,"negative"
1.22,0.541,"negative"
-0.337,1.66,"negative"
0.249,-1.46,"negative"
1.11,0.205,"negative"
0.152,1.53,"negative"
-0.122,-0.808,"negative"
0.987,0.858,"negative"
-1.2,-1.02,"negative"
0.177,-1.37,"negative"
-0.654,-0.999,"negative"
1.53,0.368,"negative"
-0.158,-1.08,"negative"
-1.42,0.728,"negative"
0.941,1.16,"negative"
-0.175,-0.946,"negative"
-0.53,-0.944,"negative"
-0.467,-0.945,"negative"
1.02,0.729,"negative"
0.792,0.988,"negative"
-0.693,1.28,"negative"
-0.0659,-1.33,"negative"
1.11,0.57,"negative"
1.01,0.865,"negative"
0.802,1.21,"negative"
-0.109,-1.25,"negative"
1.35,0.657,"negative"
-0.0143,1.55,"negative"
1.02,0.44,"negative"
-0.663,-1.47,"negative"
-0.148,-1.37,"negative"
1.2,0.361,"negative"
-0.959,1.08,"negative"
-0.513,1.29,"negative"
0.309,-1.03,"negative"
0.262,-0.673,"negative"
0.299,1.49,"negative"
-0.606,3.19,"negative"
0.404,-1.1,"negative"
-1.14,0.693,"negative"
0.16,-1.4,"negative"
1.06,0.266,"negative"
-0.433,-1.13,"negative"
1.07,1.53,"negative"
-0.607,-1.6,"negative"
0.308,-1.06,"negative"
0.752,1.58,"negative"
-0.865,-1.1,"negative"
0.569,1.15,"negative"
0.58,1.17,"negative"
0.0128,1.29,"negative"
0.909,0.522,"negative"
0.244,1.42,"negative"
-1.15,0.729,"negative"
-0.83,0.993,"negative"
-0.926,0.916,"negative"
1.29,0.677,"negative"
-0.992,1.4,"negative"
0.066,-1.23,"negative"
1.19,-0.278,"negative"
1.08,0.72,"negative"
-0.718,-1.25,"negative"
-1.45,0.377,"negative"
0.672,1.57,"negative"
-1.33,0.897,"negative"
-1.94,0.832,"negative"
-1.01,-1.29,"negative"
-0.127,-1.33,"negative"
0.359,1.52,"negative"
1.27,0.301,"negative"
1.22,1.04,"negative"
-0.276,-1.19,"negative"
0.504,0.0752,"negative"
1.72,-0.793,"negative"
0.926,0.972,"negative"
-0.961,0.755,"negative"
0.602,1.06,"negative"
0.196,-1.71,"negative"
-0.298,-0.823,"negative"
0.586,0.402,"negative"
1.5,0.541,"negative"
-0.155,-1.03,"negative"
0.949,0.422,"negative"
-0.495,1.31,"negative"
0.66,0.835,"negative"
-1.23,0.89,"negative"
-0.496,-1.09,"negative"
0.117,-1.07,"negative"
1.18,1.49,"negative"
0.605,1.28,"negative"
-0.506,-1.09,"negative"
-0.203,1.26,"negative"
1.15,0.824,"negative"
-0.0536,1.6,"negative"
0.229,1.63,"negative"
0.405,1.93,"negative"
1.22,-0.345,"negative"
-0.607,-0.894,"negative"
0.451,-1.23,"negative"
-0.226,-1.45,"negative"
-0.995,-0.832,"negative"
-0.424,2.01,"negative"
-1.19,0.814,"negative"
0.0647,-1.22,"negative"
-0.508,-1.7,"negative"
1.49,-0.00779,"negative"
-0.236,-1.54,"negative"
0.487,1.33,"negative"
-0.737,-0.617,"negative"
1.18,0.766,"negative"
0.301,-1.17,"negative"
-1.25,0.857,"negative"
-0.00816,-1.38,"negative"
-1.03,-1.09,"negative"
0.137,-0.862,"negative"
1.24,0.554,"negative"
-1.33,0.878,"negative"
-0.486,-0.887,"negative"
0.0379,-1.64,"negative"
-0.212,-1.18,"negative"
-0.0656,1.24,"negative"
1.09,0.299,"negative"
0.639,-0.815,"negative"
0.262,-1.16,"negative"
-0.777,1.22,"negative"
0.484,1.04,"negative"
0.778,0.952,"negative"
0.736,1.64,"negative"
0.719,0.759,"negative"
0.515,2.21,"negative"
-0.0874,-0.948,"negative"
0.552,1.04,"negative"
-1.2,1.43,"negative"
-0.881,-1.59,"negative"
0.541,1.41,"negative"
-0.0537,-1.52,"negative"
-1.2,0.659,"negative"
0.183,-1.16,"negative"
1.05,0.453,"negative"
-0.544,-0.773,"negative"
-1.19,0.309,"negative"
-0.184,-1.4,"negative"
-0.575,-1.62,"negative"
-0.746,-0.93,"negative"
-0.973,0.712,"negative"
1.59,-0.111,"negative"
0.144,1.56,"negative"
-0.434,1.98,"negative"
-0.617,-0.792,"negative"
0.708,0.961,"negative"
-0.38,-1.34,"negative"
0.388,1.72,"negative"
0.827,0.755,"negative"
1.4,0.746,"negative"
-1.31,0.916,"negative"
1.81,-0.551,"negative"
1.78,0.272,"negative"
-1.8,0.676,"negative"
-1.47,0.96,"negative"
-0.121,-1.05,"negative"
-1.36,0.887,"negative"
-1.19,-0.976,"negative"
1.22,0.325,"negative"
-0.668,0.919,"negative"
-0.615,-1.36,"negative"
-0.256,1.52,"negative"
0.246,-0.767,"negative"
-0.322,-1.12,"negative"
0.255,0.412,"negative"
-0.489,-1.13,"negative"
0.646,1.23,"negative"
0.745,0.681,"negative"
0.187,-1.02,"negative"
1.24,0.441,"negative"
-1.52,0.934,"negative"
1.67,-0.978,"negative"
-1.62,0.213,"negative"
-1.49,0.738,"negative"
-0.226,-1.06,"negative"
0.44,-0.936,"negative"
1.64,0.0477,"negative"
1.05,0.444,"negative"
-1.16,0.41,"negative"
-0.951,0.533,"negative"
-0.514,-1.07,"negative"
0.387,-0.798,"negative"
1.64,-0.152,"negative"
1.28,0.691,"negative"
0.409,-1.15,"negative"
-0.298,-1.16,"negative"
0.23,-1.15,"negative"
1.7,-0.0336,"negative"
0.344,0.908,"negative"
-0.843,-1.14,"negative"
0.427,1.99,"negative"
0.933,0.711,"negative"
-0.0275,-1.42,"negative"
0.0337,-1.13,"negative"
-0.0198,-1.22,"negative"
-0.304,1.5,"negative"
-1.55,0.378,"negative"
1.22,0.561,"negative"
-0.391,1.1,"negative"
0.604,0.374,"negative"
-0.811,-1.21,"negative"
-2.09,0.604,"negative"
-0.924,1.45,"negative"
0.329,0.606,"negative"
1.21,0.151,"negative"
0.354,1.06,"negative"
-0.451,1.72,"negative"
-0.687,-1.29,"negative"
1.37,0.625,"negative"
-1.74,0.975,"negative"
-0.139,-1.27,"negative"
1.79,-0.459,"negative"
-0.505,1.17,"negative"
-0.612,-1.42,"negative"
0.308,0.933,"negative"
0.0524,-0.853,"negative"
-1.7,0.869,"negative"
-0.369,-0.984,"negative"
1.4,0.43,"negative"
0.811,2,"negative"
-0.0693,-1.3,"negative"
-1.33,1.08,"negative"
-0.0743,-1.38,"negative"
0.832,1.33,"negative"
-0.0247,-0.765,"negative"
-0.66,0.965,"negative"
0.21,2.18,"negative"
1.33,0.406,"negative"
-0.634,1.65,"negative"
0.0325,-1.46,"negative"
1.2,0.318,"negative"
0.834,0.925,"negative"
-0.539,-1.21,"negative"
-0.891,0.593,"negative"
-0.567,-1.7,"negative"
-0.784,-1.05,"negative"
0.439,1.5,"negative"
0.822,0.501,"negative"
0.134,-1.18,"negative"
-0.519,-0.799,"negative"
0.999,0.811,"negative"
1.29,0.337,"negative"
0.663,1.7,"negative"
-0.0554,-1.28,"negative"
0.0722,1.8,"negative"
1.16,0.703,"negative"
-0.47,-1.12,"negative"
-0.292,-1.32,"negative"
-0.847,-0.871,"negative"
0.8,0.662,"negative"
0.0886,-0.844,"negative"
0.517,1.46,"negative"
1.23,-0.00847,"negative"
-0.058,-0.904,"negative"
-0.132,-1.37,"negative"
-1.64,0.572,"negative"
-0.396,1.21,"negative"
-0.672,-0.601,"negative"
-1.62,0.468,"negative"
-0.808,-1.5,"negative"
-0.037,-1.35,"negative"
-0.832,-1.33,"negative"
-0.598,1.22,"negative"
-0.446,-1.53,"negative"
0.136,-1.36,"negative"
0.308,-1.34,"negative"
0.383,-0.987,"negative"
0.606,-0.877,"negative"
-0.512,-0.954,"negative"
0.143,-1.56,"negative"
0.595,1.02,"negative"
-0.0957,-1.06,"negative"
0.385,-0.744,"negative"
-0.617,1.61,"negative"
1.05,0.701,"negative"
-0.3,-1.04,"negative"
1.27,0.433,"negative"
0.129,-0.889,"negative"
0.418,-1.12,"negative"
-0.949,1,"negative"
0.368,-0.856,"negative"
1.72,-0.471,"negative"
-0.829,1.06,"negative"
-0.664,1.18,"negative"
0.916,1.63,"negative"
1.1,0.131,"negative"
-0.511,1.53,"negative"
-1.57,0.942,"negative"
-1.82,0.474,"negative"
0.125,2.16,"negative"
0.725,1.33,"negative"
-1.18,0.692,"negative"
1.81,-0.0547,"negative"
0.834,1.24,"negative"
-0.0699,-1.2,"negative"
1.25,0.794,"negative"
-0.801,1.78,"negative"
-1.55,0.386,"negative"
-1.07,0.963,"negative"
-0.132,0.954,"negative"
-0.267,1.37,"negative"
1.12,0.375,"negative"
-0.861,-0.972,"negative"
1.16,0.0489,"negative"
1.87,-1.16,"negative"
0.424,0.471,"negative"
1.54,-0.749,"negative"
-0.278,-1.32,"negative"
0.0544,-1.59,"negative"
0.134,-0.922,"negative"
-0.711,-1.13,"negative"
-0.98,-1.49,"negative"
-1.2,-1.19,"negative"
0.207,-1.38,"negative"
0.0949,-1.56,"negative"
-0.102,-1.31,"negative"
-0.484,-1.2,"negative"
-0.714,-1.36,"negative"
0.753,1.84,"negative"
1.5,0.637,"negative"
1.25,-0.202,"negative"
-0.721,1.19,"negative"
-0.0866,-1.37,"negative"
-0.388,-1.08,"negative"
0.0662,1.62,"negative"
0.0319,1.39,"negative"
1.06,0.443,"negative"
-1.04,-1.42,"negative"
-1.53,0.501,"negative"
-0.779,-1.2,"negative"
-0.268,-1.26,"negative"
-0.239,-1.42,"negative"
1.14,0.866,"negative"
1.63,0.475,"negative"
1.61,-0.387,"negative"
0.866,1.14,"negative"
-0.96,1.34,"negative"
-0.459,-1.11,"negative"
-0.917,-0.863,"negative"
0.814,0.817,"negative"
-0.187,-1.38,"negative"
0.299,1.52,"negative"
0.0209,-0.973,"negative"
-0.152,-1.11,"negative"
1.04,0.285,"negative"
-0.652,-1.1,"negative"
0.739,2.14,"negative"
0.812,0.708,"negative"
0.617,1.11,"negative"
1.47,-0.0578,"negative"
0.42,1.1,"negative"
0.899,0.538,"negative"
1.11,-0.0628,"negative"
-1.62,1.02,"negative"
0.874,1.79,"negative"
-0.076,-1.12,"negative"
-1.9,0.856,"negative"
1.96,-0.709,"negative"
0.682,1.5,"negative"
1.17,0.446,"negative"
1.21,0.752,"negative"
1.86,-0.36,"negative"
0.185,0.617,"negative"
0.226,-1.38,"negative"
-0.783,0.931,"negative"
1.06,0.842,"negative"
-0.441,-1.45,"negative"
-0.969,1.02,"negative"
-1.34,0.805,"negative"
-1.13,0.6,"negative"
-0.334,1.63,"negative"
0.678,0.335,"negative"
0.527,-1.13,"negative"
-0.125,-1.48,"negative"
-0.0696,-0.896,"negative"
0.282,-1.43,"negative"
0.126,0.819,"negative"
-0.389,-1.2,"negative"
-0.116,-1.36,"negative"
-0.21,1.35,"negative"
2.44,-0.448,"negative"
-0.974,1.05,"negative"
0.84,1.42,"negative"
1.1,0.604,"negative"
1.32,-0.144,"negative"
0.444,1.14,"negative"
0.851,0.95,"negative"
-0.633,-1.18,"negative"
1.23,0.458,"negative"
-0.135,-1.12,"negative"
1.29,0.23,"negative"
-0.52,1.35,"negative"
1.46,0.651,"negative"
1.77,0.109,"negative"
0.804,0.6,"negative"
-0.307,0.938,"negative"
-0.0868,-1.33,"negative"
1.27,-0.194,"negative"
0.953,0.719,"negative"
-1.14,1.08,"negative"
-0.714,-1.65,"negative"
0.713,0.948,"negative"
0.746,0.441,"negative"
-0.287,-1.07,"negative"
-0.0931,1.52,"negative"
0.836,0.849,"negative"
-0.817,-0.783,"negative"
0.915,0.611,"negative"
0.313,-1.07,"negative"
-2.98,-0.16,"negative"
-0.446,-0.861,"negative"
-0.227,-1.19,"negative"
0.379,1.36,"negative"
0.448,0.71,"negative"
1.02,0.508,"negative"
-0.0939,1.68,"negative"
-1.49,0.415,"negative"
-1.08,-1.39,"negative"
-1.24,0.788,"negative"
-0.695,-0.736,"negative"
-0.311,-1.07,"negative"
0.0114,-1.46,"negative"
1.52,0.315,"negative"
0.0786,1.63,"negative"
-0.74,-1.53,"negative"
-0.329,-0.955,"negative"
-1.15,0.771,"negative"
-0.811,-1.35,"negative"
1.07,0.61,"negative"
1.29,0.525,"negative"
-0.434,2.24,"negative"
-0.109,-1.07,"negative"
-0.729,1.37,"negative"
-1.21,1,"negative"
-1.67,0.809,"negative"
1.45,-0.188,"negative"
-0.108,-1.3,"negative"
0.143,0.845,"negative"
0.799,0.995,"negative"
-0.847,-0.896,"negative"
-0.603,1.3,"negative"
-0.583,-0.743,"negative"
-0.071,1.63,"negative"
0.569,-0.858,"negative"
-0.944,1.02,"negative"
1.21,0.306,"negative"
-1.08,-1.3,"negative"
-1.01,1.21,"negative"
0.157,0.956,"negative"
-0.228,-1.06,"negative"
1.2,0.286,"negative"
-0.917,-1.08,"negative"
0.286,1.23,"negative"
0.624,-1.31,"negative"
-0.279,-1.06,"negative"
-1.18,0.732,"negative"
1.27,0.493,"negative"
1.11,0.428,"negative"
-0.552,-1.18,"negative"
-0.275,-1.6,"negative"
-1.54,0.685,"negative"
-0.00835,1.76,"negative"
-0.224,-1.02,"negative"
-0.268,-1.52,"negative"
-0.729,1.5,"negative"
1.18,0.913,"negative"
1.22,0.247,"negative"
-0.912,1.34,"negative"
-0.111,-1.33,"negative"
-0.337,1.48,"negative"
-0.634,-0.969,"negative"
-0.0776,-1.35,"negative"
-0.631,-0.914,"negative"
-0.0476,-1.24,"negative"
0.0273,-0.683,"negative"
0.163,-1.31,"negative"
-1.12,-1.2,"negative"
-0.437,-0.789,"negative"
0.612,1.37,"negative"
1.3,0.196,"negative"
0.527,-1.02,"negative"
1.2,-0.213,"negative"
-0.177,-1.12,"negative"
-0.579,0.79,"negative"
-0.0656,-1.57,"negative"
1.18,0.204,"negative"
1.13,-0.0116,"negative"
1.12,0.612,"negative"
-0.568,-1.36,"negative"
0.271,-1.28,"negative"
0.301,-0.928,"negative"
0.803,1.35,"negative"
-0.254,-1.37,"negative"
0.675,0.667,"negative"
-0.58,1.34,"negative"
-1.19,-1.03,"negative"
0.0624,-1.05,"negative"
0.543,0.913,"negative"
0.306,-1.13,"negative"
-1.18,1.17,"negative"
1,-0.0897,"negative"
1.56,-0.177,"negative"
1.14,0.494,"negative"
0.304,1.61,"negative"
0.118,-1.37,"negative"
0.189,1.35,"negative"
-0.372,-1.38,"negative"
-0.647,-1.22,"negative"
-0.762,-1.11,"negative"
0.378,0.987,"negative"
1.07,0.399,"negative"
-0.835,-1.04,"negative"
0.296,1.51,"negative"
0.341,-1.32,"negative"
1.32,0.0928,"negative"
1.09,0.812,"negative"
-0.443,1.02,"negative"
-0.52,-1.17,"negative"
0.557,1.38,"negative"
0.0726,-1.31,"negative"
-0.218,-0.882,"negative"
-1.41,1.09,"negative"
0.651,-1.08,"negative"
0.0698,-1.25,"negative"
-0.362,-1.7,"negative"
-0.999,1.2,"negative"
-0.298,-1.26,"negative"
-1.75,0.722,"negative"
-1.21,-0.934,"negative"
-0.381,-0.959,"negative"
-0.49,1.25,"negative"
1.02,0.0975,"negative"
0.856,0.669,"negative"
1.35,0.644,"negative"
1.4,0.377,"negative"
0.299,1.56,"negative"
-0.0189,-1.28,"negative"
0.488,1.31,"negative"
0.191,1.72,"negative"
0.13,1.41,"negative"
0.196,1.76,"negative"
-0.528,-1.23,"negative"
-0.165,-0.697,"negative"
-0.35,2.07,"negative"
-0.356,-1.16,"negative"
-1.14,1.16,"negative"
0.707,0.948,"negative"
1.58,-0.468,"negative"
-0.897,-1.04,"negative"
0.647,0.317,"negative"
-0.342,-1.31,"negative"
0.129,1.52,"negative"
0.00865,-0.918,"negative"
0.326,1.45,"negative"
-0.52,-1.52,"negative"
0.675,-1.53,"negative"
0.677,0.964,"negative"
-0.631,-0.867,"negative"
1.38,0.698,"negative"
-0.377,-0.973,"negative"
1.44,0.898,"negative"
-0.462,-0.707,"negative"
0.263,-1.48,"negative"
0.174,-1.11,"negative"
0.301,2.01,"negative"
0.0745,1.78,"negative"
-0.303,-0.883,"negative"
-0.0172,-1.03,"negative"
0.372,-0.809,"negative"
0.924,0.861,"negative"
-0.93,-0.895,"negative"
0.0991,-1.05,"negative"
1.65,0.0404,"negative"
1.68,-0.472,"negative"
-0.817,-1.19,"negative"
-0.501,-1.43,"negative"
-0.491,-1.55,"negative"
0.762,0.344,"negative"
-0.8,1.66,"negative"
1.35,-0.25,"negative"
-0.456,1.55,"negative"
-0.56,-1.12,"negative"
0.357,-1.07,"negative"
1.39,0.504,"negative"
0.786,0.859,"negative"
0.414,1.16,"negative"
-0.244,-1.2,"negative"
0.168,-1.06,"negative"
-0.0791,-1.38,"negative"
-0.598,-1.35,"negative"
0.0291,-1.12,"negative"
-0.948,-0.982,"negative"
0.00273,-0.973,"negative"
0.646,0.778,"negative"
-1.12,1.1,"negative"
-1.15,0.587,"negative"
0.904,0.195,"negative"
0.485,0.635,"negative"
-0.951,1.39,"negative"
0.883,0.598,"negative"
0.38,-1.35,"negative"
1.62,-0.131,"negative"
1.88,-0.368,"negative"
0.35,0.889,"negative"
-0.756,-0.943,"negative"
-0.833,-0.569,"negative"
0.295,-1.36,"negative"
-0.142,1.65,"negative"
0.441,-1.13,"negative"
-0.724,-1.26,"negative"
-0.132,-1.35,"negative"
1.31,0.628,"negative"
-0.76,-1.26,"negative"
0.709,0.872,"negative"
0.432,0.749,"negative"
-1.82,0.904,"negative"
1.52,-0.0653,"negative"
-0.744,-1.39,"negative"
1.46,0.0665,"negative"
0.165,-1.58,"negative"
-0.956,-1.61,"negative"
0.17,-0.719,"negative"
-0.314,-0.984,"negative"
-1.46,0.657,"negative"
-1.13,1.01,"negative"
-0.181,-1.1,"negative"
-0.63,0.949,"negative"
0.867,0.81,"negative"
1.05,0.219,"negative"
-0.754,1.19,"negative"
-0.634,1.26,"negative"
0.388,0.863,"negative"
-0.572,1.16,"negative"
0.758,-1.45,"negative"
0.514,1.27,"negative"
-1.02,-1.01,"negative"
-0.654,-1.02,"negative"
-0.431,1.21,"negative"
1.43,0.147,"negative"
1.93,0.165,"negative"
-1.06,1.49,"negative"
-0.942,-1.15,"negative"
0.971,0.64,"negative"
0.598,0.855,"negative"
0.701,0.564,"negative"
0.942,0.248,"negative"
0.722,0.153,"negative"
1.43,0.498,"negative"
-0.706,-0.697,"negative"
0.498,-1.02,"negative"
-0.511,1.5,"negative"
1.03,-0.209,"negative"
0.739,0.673,"negative"
-1.59,0.176,"negative"
-0.648,-0.631,"negative"
0.544,1.22,"negative"
0.0909,-1.39,"negative"
1.64,-0.605,"negative"
-0.1,-1.05,"negative"
-0.0936,-1.28,"negative"
-0.119,-0.842,"negative"
1.2,0.298,"negative"
-1.53,0.795,"negative"
0.409,1.76,"negative"
-0.335,-0.81,"negative"
-1.03,1.31,"negative"
-1.04,1.27,"negative"
1.57,-0.114,"negative"
-1.46,1.11,"negative"
1.11,0.431,"negative"
1.23,2.19,"negative"
0.226,-1.02,"negative"
0.0343,-1.18,"negative"
-1.43,0.245,"negative"
-0.862,1.53,"negative"
-0.38,-1.27,"negative"
0.34,-1.34,"negative"
0.303,-0.94,"negative"
-0.0686,1.72,"negative"
-1.04,0.621,"negative"
0.673,2.52,"negative"
1.27,-0.519,"negative"
-1.04,0.937,"negative"
-1.19,1.23,"negative"
1,0.254,"negative"
-0.877,-1.08,"negative"
0.273,-1.45,"negative"
-1.66,0.75,"negative"
-0.0508,-1.19,"negative"
1.45,-0.507,"negative"
0.996,0.225,"negative"
1.14,0.814,"negative"
0.948,1.41,"negative"
0.666,-1.52,"negative"
-0.665,-1.04,"negative"
-0.471,-0.919,"negative"
-0.269,1.6,"negative"
0.0965,-1.1,"negative"
0.907,0.191,"negative"
0.0428,-1.04,"negative"
-1.1,-1.17,"negative"
-0.685,0.989,"negative"
-1.31,0.463,"negative"
1.1,0.508,"negative"
-0.642,-1.35,"negative"
0.42,2.1,"negative"
-0.457,-0.983,"negative"
-0.796,-1.63,"negative"
-0.123,-1.07,"negative"
2.59,-1.15,"negative"
-1.58,0.807,"negative"
-0.138,-1.37,"negative"
-0.137,-1.16,"negative"
-0.734,-1.09,"negative"
-0.697,-1.69,"negative"
-0.016,-1.26,"negative"
-0.262,-1.2,"negative"
-0.936,1.81,"negative"
-0.0113,-0.78,"negative"
-1.16,0.381,"negative"
-0.329,-0.858,"negative"
0.0386,-1.26,"negative"
-0.116,-1.23,"negative"
-0.943,-1.26,"negative"
-0.672,1.35,"negative"
-0.16,-1.36,"negative"
-0.182,-1.54,"negative"
0.437,2.35,"negative"
-1.7,-0.087,"negative"
0.65,1.86,"negative"
-0.418,-1.26,"negative"
0.548,-0.959,"negative"
-1.41,1.11,"negative"
-0.116,1.26,"negative"
-0.129,-1.69,"negative"
1.33,0.825,"negative"
-0.86,-1.27,"negative"
-1.06,-0.937,"negative"
0.486,0.991,"negative"
-0.495,-1.2,"negative"
-0.538,-1.15,"negative"
-1.24,1.14,"negative"
-0.22,-1.38,"negative"
-0.49,-1.45,"negative"
-0.562,-0.873,"negative"
0.253,-1.3,"negative"
-0.547,-1.31,"negative"
-2,0.403,"negative"
1.64,-0.308,"negative"
1.24,0.79,"negative"
-1.09,1.39,"negative"
-0.795,1.17,"negative"
0.373,-1.17,"negative"
1.32,0.376,"negative"
0.386,1.55,"negative"
-0.211,-0.637,"negative"
1.38,0.877,"negative"
0.101,-1.39,"negative"
-0.0657,-1.19,"negative"
0.284,2.37,"negative"
-0.338,-0.91,"negative"
-1.34,0.54,"negative"
0.29,0.591,"negative"
1.54,-0.193,"negative"
-0.978,0.931,"negative"
0.547,1.15,"negative"
1.36,-0.425,"negative"
1.21,1.28,"negative"
0.838,0.603,"negative"
1.08,-0.000817,"negative"
-1.49,0.796,"negative"
-0.0337,-1.36,"negative"
-0.254,-1.27,"negative"
0.178,-1.24,"negative"
0.678,0.961,"negative"
-1.42,0.624,"negative"
-0.189,-1.24,"negative"
0.603,-1,"negative"
1.53,0.228,"negative"
0.472,1.37,"negative"
-1.63,0.524,"negative"
1.29,0.488,"negative"
-0.89,-1.17,"negative"
0.39,1.27,"negative"
0.604,1.03,"negative"
1.41,0.258,"negative"
-1.08,0.72,"negative"
-0.0906,2.01,"negative"
-1.97,0.611,"negative"
1.39,-0.376,"negative"
0.763,1.15,"negative"
-1.1,0.811,"negative"
0.858,0.399,"negative"
0.032,-1.5,"negative"
-0.0339,-1.66,"negative"
-1.02,-1.19,"negative"
-0.153,-1.15,"negative"
1.31,0.151,"negative"
0.914,0.26,"negative"
0.121,1.72,"negative"
1.36,-0.412,"negative"
-0.516,-0.915,"negative"
-0.411,-1.41,"negative"
-0.509,-1.41,"negative"
0.595,0.677,"negative"
-1.42,-1.4,"negative"
0.707,1.37,"negative"
-0.135,-1.1,"negative"
-0.636,1.35,"negative"
-1.1,1.16,"negative"
-0.0373,-1.32,"negative"
0.98,0.766,"negative"
-0.876,-1,"negative"
-0.59,-1.23,"negative"
0.443,1.54,"negative"
-0.215,-1.01,"negative"
1.33,-0.704,"negative"
1.38,-0.244,"negative"
0.781,0.415,"negative"
-0.523,-1.31,"negative"
1.68,-0.293,"negative"
1.25,-0.35,"negative"
1.62,-0.919,"negative"
-0.954,-1.19,"negative"
-0.699,0.755,"negative"
-0.372,1.54,"negative"
1.5,-0.0608,"negative"
0.69,0.745,"negative"
0.411,1.47,"negative"
-0.0264,-0.952,"negative"
-0.736,-1.14,"negative"
1.59,-0.522,"negative"
0.912,2.1,"negative"
0.126,-1.08,"negative"
-0.926,0.694,"negative"
0.851,0.598,"negative"
-0.776,-1.26,"negative"
1.03,1.61,"negative"
1.17,1.28,"negative"
0.00453,1.47,"negative"
-0.0202,-1.26,"negative"
-0.587,1.01,"negative"
1.1,0.253,"negative"
-0.335,-1.69,"negative"
0.786,0.945,"negative"
-0.852,1.32,"negative"
1.23,-0.0874,"negative"
-1.08,1.19,"negative"
0.143,1.05,"negative"
0.613,1.35,"negative"
-0.394,1.6,"negative"
0.521,-1.04,"negative"
0.0598,-1.26,"negative"
-0.416,-0.941,"negative"
0.838,1.5,"negative"
0.614,0.908,"negative"
-0.43,-0.722,"negative"
0.48,-1.15,"negative"
0.931,0.783,"negative"
0.465,0.842,"negative"
-0.613,1.1,"negative"
0.934,0.32,"negative"
1.06,-0.232,"negative"
1.24,0.31,"negative"
-0.858,-1.2,"negative"
0.318,1.4,"negative"
1.34,-0.0272,"negative"
0.021,-0.905,"negative"
1.27,0.496,"negative"
-0.411,-1.3,"negative"
-0.928,1.55,"negative"
-0.819,-1.21,"negative"
1.29,-0.151,"negative"
0.822,0.192,"negative"
0.0963,-1.38,"negative"
0.88,0.275,"negative"
0.12,-1.12,"negative"
-0.488,-1.31,"negative"
0.188,0.914,"negative"
0.517,-0.931,"negative"
0.254,2.42,"negative"
1.42,-0.146,"negative"
-0.511,-0.734,"negative"
0.016,-1.13,"negative"
-0.203,-1.08,"negative"
0.178,1.49,"negative"
0.102,-1.03,"negative"
-1.29,0.511,"negative"
-0.66,1.41,"negative"
-0.223,1.04,"negative"
1.45,0.273,"negative"
-0.501,1.1,"negative"
-1.04,0.679,"negative"
0.0399,-1.28,"negative"
-1.06,0.817,"negative"
-0.568,-0.873,"negative"
-0.566,-1.33,"negative"
-0.0979,-1.01,"negative"
-0.274,-0.99,"negative"
1.3,1.04,"negative"
1.05,0.397,"negative"
0.495,1.54,"negative"
-1.07,1.3,"negative"
1.85,-0.558,"negative"
-0.967,0.592,"negative"
-1.06,-0.881,"negative"
1.47,-0.531,"negative"
0.0483,0.866,"negative"
0.0526,-1.31,"negative"
0.334,1.04,"negative"
1.7,-0.489,"negative"
-0.278,-1.09,"negative"
0.802,0.852,"negative"
-0.594,1.24,"negative"
1.26,-0.25,"negative"
-0.436,1.45,"negative"
1.18,-0.0335,"negative"
-0.545,-1.31,"negative"
-1.04,1.13,"negative"
0.594,1.8,"negative"
0.794,0.762,"negative"
0.379,1.74,"negative"
1.08,0.839,"negative"
0.134,-1.06,"negative"
1.61,0.582,"negative"
-0.0128,-1.27,"negative"
-0.702,-0.811,"negative"
0.0328,1.22,"negative"
0.973,0.457,"negative"
-0.201,1.35,"negative"
0.0394,-1.35,"negative"
0.517,1.71,"negative"
0.204,-1.06,"negative"
1.28,-0.236,"negative"
-0.0297,-1.58,"negative"
-0.405,-1.25,"negative"
0.299,-0.819,"negative"
-1.7,0.422,"negative"
-0.767,-1.3,"negative"
-0.724,-0.973,"negative"
0.163,-1.08,"negative"
0.627,0.125,"negative"
-0.432,1.13,"negative"
-0.0583,-1.15,"negative"
0.22,2.08,"negative"
-0.715,-1.49,"negative"
0.57,1.42,"negative"
-0.56,-1.41,"negative"
0.289,1.01,"negative"
0.985,0.114,"negative"
0.56,-1.05,"negative"
-0.00621,1.56,"negative"
1.77,0.239,"negative"
0.823,-1.21,"negative"
-0.347,-1.13,"negative"
0.995,0.502,"negative"
0.0545,-1.32,"negative"
0.823,1.04,"negative"
1.66,0.239,"negative"
0.087,-1.28,"negative"
1.19,0.594,"negative"
1.19,0.115,"negative"
-0.0169,-0.939,"negative"
1.31,0.328,"negative"
-0.271,1.59,"negative"
1.07,-0.0433,"negative"
-0.9,1.49,"negative"
-1.16,-1.01,"negative"
0.922,0.93,"negative"
0.526,1.48,"negative"
0.624,0.621,"negative"
0.611,0.649,"negative"
1.45,0.398,"negative"
-0.72,-1.39,"negative"
-1.3,0.577,"negative"
-0.504,1.03,"negative"
-0.536,1.13,"negative"
-0.614,-1.22,"negative"
-0.375,1.36,"negative"
1.29,0.0437,"negative"
-2.04,0.401,"negative"
0.72,0.677,"negative"
-0.747,-0.72,"negative"
-0.929,-1.39,"negative"
1.44,0.0946,"negative"
-0.23,1.08,"negative"
-1.08,0.89,"negative"
-0.237,-1.4,"negative"
-0.259,1.52,"negative"
0.0489,-1.36,"negative"
1.54,-0.336,"negative"
-0.389,-1.32,"negative"
0.298,-0.878,"negative"
-0.516,1.46,"negative"
-0.531,-1.27,"negative"
-0.473,-0.749,"negative"
0.77,1.4,"negative"
-1.08,0.989,"negative"
-0.705,-0.93,"negative"
-1.41,1.14,"negative"
-0.78,-1.37,"negative"
1.18,0.597,"negative"
-1.93,0.603,"negative"
0.816,0.762,"negative"
-0.583,-1.35,"negative"
0.962,0.851,"negative"
-0.236,-1.17,"negative"
0.745,0.877,"negative"
-0.687,1.01,"negative"
-0.826,-1.67,"negative"
1.8,-1,"negative"
1.21,0.00827,"negative"
1.45,0.169,"negative"
-0.124,-1.12,"negative"
0.847,1.4,"negative"
0.904,1.15,"negative"
-0.474,-0.911,"negative"
-0.599,-0.965,"negative"
-0.0674,1.85,"negative"
1.64,0.174,"negative"
1.18,0.334,"negative"
-0.0611,-1.4,"negative"
0.0744,1.04,"negative"
-0.302,-1.22,"negative"
0.711,0.787,"negative"
-0.866,0.751,"negative"
0.536,0.921,"negative"
1.79,-0.834,"negative"
-0.639,1.25,"negative"
1.31,-0.238,"negative"
-0.177,-1.45,"negative"
0.0169,-1.22,"negative"
-0.888,-1.59,"negative"
1.04,0.952,"negative"
0.981,-0.0572,"negative"
-1.32,0.995,"negative"
1.08,0.0163,"negative"
-1.04,-1.08,"negative"
-0.401,-1.17,"negative"
1.47,0.574,"negative"
0.781,1.08,"negative"
-1.59,0.138,"negative"
0.934,0.358,"negative"
1.88,-0.289,"negative"
0.724,0.706,"negative"
0.746,0.991,"negative"
-0.451,-1.34,"negative"
0.923,0.246,"negative"
-0.716,-1.19,"negative"
1.62,-0.0187,"negative"
0.445,-1.38,"negative"
0.69,1.57,"negative"
-1.69,0.614,"negative"
0.15,1.3,"negative"
0.159,1.51,"negative"
-2.11,0.193,"negative"
-0.69,-1.33,"negative"
0.726,0.289,"negative"
1.12,1.01,"negative"
-0.914,-0.919,"negative"
0.0692,-0.828,"negative"
1.26,0.305,"negative"
-0.0207,-1.14,"negative"
0.515,0.884,"negative"
0.388,1.64,"negative"
1.31,1.07,"negative"
1.05,0.409,"negative"
0.955,-0.0158,"negative"
-1.14,0.488,"negative"
-0.783,-1.33,"negative"
-0.0418,-1.02,"negative"
1.98,0.417,"negative"
0.0545,2,"negative"
-0.415,-1.3,"negative"
-0.509,0.912,"negative"
0.824,0.45,"negative"
0.132,-1.49,"negative"
0.56,-1.02,"negative"
1.06,0.913,"negative"
0.534,2.15,"negative"
-0.644,-0.78,"negative"
0.24,-1.14,"negative"
-1.38,0.678,"negative"
-1.66,0.835,"negative"
-0.891,1,"negative"
-0.715,-0.969,"negative"
-0.157,1.84,"negative"
0.826,0.744,"negative"
-0.56,1.06,"negative"
1.34,0.0998,"negative"
-1.08,1.31,"negative"
-0.838,-1.17,"negative"
0.91,0.665,"negative"
1.8,0.757,"negative"
0.425,-1.21,"negative"
-0.188,-1.27,"negative"
-0.245,-1.18,"negative"
1.18,-0.0513,"negative"
1.19,0.697,"negative"
-1.4,0.553,"negative"
0.477,0.791,"negative"
0.125,-1.24,"negative"
-0.693,0.953,"negative"
-0.518,-0.914,"negative"
0.26,1.91,"negative"
1.22,0.834,"negative"
-0.19,-1.42,"negative"
1.11,0.685,"negative"
-0.0187,-1.55,"negative"
0.132,2,"negative"
0.405,-1.2,"negative"
1.71,-0.424,"negative"
0.243,1.61,"negative"
-0.62,-0.984,"negative"
0.639,1.2,"negative"
-1.51,0.481,"negative"
-0.153,-1.22,"negative"
0.0681,-0.76,"negative"
-1.53,0.257,"negative"
0.284,1.86,"negative"
0.387,1.71,"negative"
-0.711,0.96,"negative"
-0.958,0.812,"negative"
0.672,2.03,"negative"
0.722,0.368,"negative"
0.0735,-1.01,"negative"
1.12,0.626,"negative"
0.843,0.634,"negative"
-0.222,2.47,"negative"
1.3,0.186,"negative"
0.975,0.809,"negative"
-0.0779,-0.967,"negative"
-1.07,0.707,"negative"
-0.503,1.35,"negative"
-0.565,-0.853,"negative"
0.55,0.857,"negative"
0.3,-1.18,"negative"
-0.314,-0.919,"negative"
0.68,0.739,"negative"
-0.0388,-0.984,"negative"
1.44,-0.0447,"negative"
1.41,0.83,"negative"
0.83,0.692,"negative"
0.0941,1.44,"negative"
-0.567,-1.14,"negative"
-0.804,0.687,"negative"
-0.0958,-1.66,"negative"
-0.0454,1.75,"negative"
-0.638,1.32,"negative"
0.897,0.294,"negative"
1.71,0.569,"negative"
0.919,0.798,"negative"
1.18,0.585,"negative"
-0.828,-0.82,"negative"
-0.146,-0.869,"negative"
-0.11,-0.911,"negative"
-0.136,-1.41,"negative"
-1.21,1.27,"negative"
-0.722,1.19,"negative"
-1.13,0.928,"negative"
-0.574,1.32,"negative"
-0.761,-1.44,"negative"
1.08,0.683,"negative"
-1.53,-1.01,"positive"
0.327,0.17,"positive"
1.35,-1.23,"positive"
-0.522,0.877,"positive"
-1.54,-0.641,"positive"
1.16,0.151,"positive"
-0.17,-0.346,"positive"
-0.879,0.499,"positive"
2.37,1.14,"positive"
-1.42,0.592,"positive"
0.612,1.8,"positive"
1.25,-0.146,"positive"
0.93,-0.375,"positive"
-0.102,1.57,"positive"
-0.918,-0.578,"positive"
1.01,1.53,"positive"
-0.0443,-0.335,"positive"
-0.957,0.039,"positive"
-0.216,-0.353,"positive"
-1.33,-0.861,"positive"
-1.87,-1.32,"positive"
0.257,0.154,"positive"
0.29,-0.481,"positive"
-1.54,0.516,"positive"
0.209,0.755,"positive"
-1.66,-0.56,"positive"
-1.1,0.641,"positive"
-0.016,-0.448,"positive"
-1.56,-1.1,"positive"
-1.31,-0.354,"positive"
-0.208,-0.646,"positive"
-0.622,0.804,"positive"
2.29,1.22,"positive"
0.309,-0.689,"positive"
-1.37,-0.177,"positive"
-0.988,-0.191,"positive"
-0.0273,0.739,"positive"
-1.89,-1.7,"positive"
-1.61,-0.451,"positive"
-1.81,-0.488,"positive"
1.08,-0.996,"positive"
0.445,0.135,"positive"
0.369,0.428,"positive"
-0.139,0.132,"positive"
-0.987,-0.863,"positive"
0.434,-0.189,"positive"
-1.57,-1.47,"positive"
0.659,-0.985,"positive"
-1.42,-0.327,"positive"
1.82,1.43,"positive"
-0.487,-0.536,"positive"
0.235,1.48,"positive"
-1.44,-0.0746,"positive"
-0.163,-0.398,"positive"
-0.18,0.595,"positive"
-1.29,-0.754,"positive"
-1.45,-1.25,"positive"
1.02,-0.728,"positive"
-1.78,-0.687,"positive"
-0.966,-0.628,"positive"
1.12,-0.659,"positive"
0.0235,-0.18,"positive"
-1.17,0.156,"positive"
-0.105,-0.442,"positive"
-0.256,-0.115,"positive"
0.617,-0.0096,"positive"
2.29,1.32,"positive"
0.501,0.0553,"positive"
0.141,0.0947,"positive"
0.0436,0.0126,"positive"
-1.84,-1.64,"positive"
-1.22,-0.119,"positive"
0.773,-0.747,"positive"
-1.93,-0.92,"positive"
-1.69,-1.27,"positive"
0.00168,0.262,"positive"
0.878,-1.38,"positive"
-1.11,-0.821,"positive"
2.41,1.26,"positive"
-1.56,-0.172,"positive"
0.000519,0.282,"positive"
-1.88,-0.979,"positive"
-0.895,-1.07,"positive"
0.235,0.772,"positive"
0.735,1.63,"positive"
0.0737,0.124,"positive"
-0.2,1.74,"positive"
0.382,0.175,"positive"
-1.57,-0.205,"positive"
0.774,-1.22,"positive"
1.21,-1.24,"positive"
0.397,0.513,"positive"
1.07,-1.38,"positive"
-1.37,-0.205,"positive"
-0.33,0.0829,"positive"
-0.882,-0.582,"positive"
1.16,-0.768,"positive"
-0.757,0.298,"positive"
-0.377,-0.617,"positive"
1.15,-1.14,"positive"
-0.501,0.0787,"positive"
-1.81,-0.994,"positive"
-0.748,-0.034,"positive"
0.627,-0.0629,"positive"
2.35,1.14,"positive"
0.233,-0.275,"positive"
-0.781,-0.113,"positive"
-0.327,0.612,"positive"
-1.25,-0.656,"positive"
1.99,1.18,"positive"
2.2,1.26,"positive"
0.276,0.397,"positive"
1.98,1.27,"positive"
-0.279,-0.0928,"positive"
-0.318,0.317,"positive"
-1.32,-0.088,"positive"
1.46,-0.91,"positive"
-2,-1.72,"positive"
-1.43,-1.02,"positive"
0.739,0.139,"positive"
0.369,0.49,"positive"
-1.64,-1.8,"positive"
-1.31,-0.498,"positive"
-1.59,-1.36,"positive"
-0.724,0.215,"positive"
1.33,1.43,"positive"
-0.91,-0.607,"positive"
-0.914,0.425,"positive"
-1.46,-0.298,"positive"
-0.328,0.232,"positive"
0.941,-0.789,"positive"
0.874,-0.769,"positive"
-0.521,0.726,"positive"
-0.76,-0.698,"positive"
-2.25,-1.96,"positive"
-0.749,0.0101,"positive"
1.01,-0.984,"positive"
0.544,1.63,"positive"
-0.213,0.259,"positive"
0.112,0.0285,"positive"
1.56,-0.367,"positive"
0.0968,-0.225,"positive"
-0.391,0.181,"positive"
0.298,0.509,"positive"
0.557,-1.04,"positive"
0.412,-0.124,"positive"
-1.55,-1.47,"positive"
1.9,1.27,"positive"
0.838,-0.115,"positive"
0.854,-0.537,"positive"
-0.00294,0.513,"positive"
-1.53,-1.21,"positive"
0.352,0.333,"positive"
1.54,1.75,"positive"
-1.87,-0.555,"positive"
-0.282,1.78,"positive"
0.428,-0.494,"positive"
-1.21,-0.409,"positive"
-1.31,0.175,"positive"
-0.753,-0.321,"positive"
-1.15,-0.0498,"positive"
1.6,-1.36,"positive"
-0.902,-0.36,"positive"
-0.66,-0.0708,"positive"
2.57,0.989,"positive"
-1.13,-0.0634,"positive"
-1.01,-0.397,"positive"
1.43,-1.21,"positive"
-0.103,-0.414,"positive"
1.44,-1.7,"positive"
-2.02,-0.792,"positive"
0.824,0.587,"positive"
-1.34,-0.419,"positive"
0.566,0.0815,"positive"
0.578,-0.622,"positive"
0.753,1.89,"positive"
-0.184,-0.0314,"positive"
0.56,1.7,"positive"
-0.613,0.775,"positive"
0.819,0.0462,"positive"
-1.61,-1.13,"positive"
1.06,-0.0531,"positive"
0.764,-0.804,"positive"
-1.76,-1.17,"positive"
-0.234,-0.656,"positive"
-1.45,-1.29,"positive"
0.234,-0.822,"positive"
-1.84,-0.865,"positive"
-1.63,-1.32,"positive"
-0.551,0.288,"positive"
0.0224,1.43,"positive"
-0.693,-0.113,"positive"
-1.18,0.0302,"positive"
1.31,-1.4,"positive"
1.06,-0.0553,"positive"
-0.904,-0.203,"positive"
0.661,-0.199,"positive"
0.896,-1.27,"positive"
-1.54,-0.618,"positive"
1.29,-0.657,"positive"
-1.67,-1.5,"positive"
-1.36,-0.848,"positive"
0.722,-0.975,"positive"
1.02,-0.625,"positive"
1.26,-0.181,"positive"
0.933,-0.277,"positive"
-0.815,-0.682,"positive"
-1.51,-0.769,"positive"
1.2,-1.65,"positive"
-1.06,-0.549,"positive"
0.527,0.51,"positive"
1.15,-0.451,"positive"
-0.171,0.0105,"positive"
-0.138,-0.0524,"positive"
0.0574,-0.134,"positive"
-1.73,-0.242,"positive"
0.631,-0.674,"positive"
-0.973,-0.047,"positive"
-0.4,0.00463,"positive"
-1.14,-1.27,"positive"
0.43,-0.654,"positive"
0.698,-0.655,"positive"
-1.22,-0.0961,"positive"
-0.253,-0.406,"positive"
-1.13,-0.443,"positive"
1.64,1.46,"positive"
1.48,1.78,"positive"
-1.61,-0.363,"positive"
-1.52,-1.23,"positive"
-0.653,0.433,"positive"
2.48,1.21,"positive"
0.842,-0.372,"positive"
-0.291,0.561,"positive"
-1.02,-0.224,"positive"
0.45,-0.104,"positive"
-1.88,-0.454,"positive"
-0.582,-0.752,"positive"
-1.49,-0.00325,"positive"
0.406,-0.707,"positive"
1.15,0.0436,"positive"
-1.13,0.411,"positive"
-0.872,0.26,"positive"
-0.415,0.256,"positive"
0.801,-0.639,"positive"
0.762,0.125,"positive"
0.524,-0.231,"positive"
-1.47,-0.0358,"positive"
-0.851,0.189,"positive"
-0.776,0.127,"positive"
-0.674,-0.62,"positive"
0.244,-0.69,"positive"
-0.974,0.511,"positive"
-1.98,-0.88,"positive"
0.308,0.117,"positive"
-0.954,0.687,"positive"
0.768,-0.966,"positive"
1.64,1.12,"positive"
-1.7,-0.554,"positive"
0.404,0.00999,"positive"
0.704,-0.906,"positive"
0.335,1.39,"positive"
-1.7,-0.569,"positive"
2.64,1.14,"positive"
-0.255,-0.142,"positive"
